{
  "Version": 1,
  "ManifestType": "Publish",
  "Endpoints": [
    {
      "Route": "images/1990a7db-9a20-4691-aebb-3041b44ef859.jpg",
      "AssetFile": "images/1990a7db-9a20-4691-aebb-3041b44ef859.jpg",
      "Selectors": [],
      "ResponseHeaders": [
        {
          "Name": "Accept-Ranges",
          "Value": "bytes"
        },
        {
          "Name": "Cache-Control",
          "Value": "max-age=3600, must-revalidate"
        },
        {
          "Name": "Content-Length",
          "Value": "2075227"
        },
        {
          "Name": "Content-Type",
          "Value": "image/jpeg"
        },
        {
          "Name": "ETag",
          "Value": "\"J3WFILVqmITRvb66z1uPL29rjhOlf4ysTU0qjEXwhoY=\""
        },
        {
          "Name": "Last-Modified",
          "Value": "Mon, 14 Jul 2025 01:15:39 GMT"
        }
      ],
      "EndpointProperties": [
        {
          "Name": "integrity",
          "Value": "sha256-J3WFILVqmITRvb66z1uPL29rjhOlf4ysTU0qjEXwhoY="
        }
      ]
    },
    {
      "Route": "images/1990a7db-9a20-4691-aebb-3041b44ef859.pkb1unoev1.jpg",
      "AssetFile": "images/1990a7db-9a20-4691-aebb-3041b44ef859.jpg",
      "Selectors": [],
      "ResponseHeaders": [
        {
          "Name": "Accept-Ranges",
          "Value": "bytes"
        },
        {
          "Name": "Cache-Control",
          "Value": "max-age=31536000, immutable"
        },
        {
          "Name": "Content-Length",
          "Value": "2075227"
        },
        {
          "Name": "Content-Type",
          "Value": "image/jpeg"
        },
        {
          "Name": "ETag",
          "Value": "\"J3WFILVqmITRvb66z1uPL29rjhOlf4ysTU0qjEXwhoY=\""
        },
        {
          "Name": "Last-Modified",
          "Value": "Mon, 14 Jul 2025 01:15:39 GMT"
        }
      ],
      "EndpointProperties": [
        {
          "Name": "fingerprint",
          "Value": "pkb1unoev1"
        },
        {
          "Name": "integrity",
          "Value": "sha256-J3WFILVqmITRvb66z1uPL29rjhOlf4ysTU0qjEXwhoY="
        },
        {
          "Name": "label",
          "Value": "images/1990a7db-9a20-4691-aebb-3041b44ef859.jpg"
        }
      ]
    },
    {
      "Route": "images/24e3b96e-5d0e-4fd1-a4f7-26e2eb1af799.jpg",
      "AssetFile": "images/24e3b96e-5d0e-4fd1-a4f7-26e2eb1af799.jpg",
      "Selectors": [],
      "ResponseHeaders": [
        {
          "Name": "Accept-Ranges",
          "Value": "bytes"
        },
        {
          "Name": "Cache-Control",
          "Value": "max-age=3600, must-revalidate"
        },
        {
          "Name": "Content-Length",
          "Value": "31001"
        },
        {
          "Name": "Content-Type",
          "Value": "image/jpeg"
        },
        {
          "Name": "ETag",
          "Value": "\"3g7DFsMD1BnKvMoHEkkEFsVpM20oZ8ac+o6Qx5fKqdM=\""
        },
        {
          "Name": "Last-Modified",
          "Value": "Mon, 14 Jul 2025 00:49:34 GMT"
        }
      ],
      "EndpointProperties": [
        {
          "Name": "integrity",
          "Value": "sha256-3g7DFsMD1BnKvMoHEkkEFsVpM20oZ8ac+o6Qx5fKqdM="
        }
      ]
    },
    {
      "Route": "images/24e3b96e-5d0e-4fd1-a4f7-26e2eb1af799.u5dymhcs80.jpg",
      "AssetFile": "images/24e3b96e-5d0e-4fd1-a4f7-26e2eb1af799.jpg",
      "Selectors": [],
      "ResponseHeaders": [
        {
          "Name": "Accept-Ranges",
          "Value": "bytes"
        },
        {
          "Name": "Cache-Control",
          "Value": "max-age=31536000, immutable"
        },
        {
          "Name": "Content-Length",
          "Value": "31001"
        },
        {
          "Name": "Content-Type",
          "Value": "image/jpeg"
        },
        {
          "Name": "ETag",
          "Value": "\"3g7DFsMD1BnKvMoHEkkEFsVpM20oZ8ac+o6Qx5fKqdM=\""
        },
        {
          "Name": "Last-Modified",
          "Value": "Mon, 14 Jul 2025 00:49:34 GMT"
        }
      ],
      "EndpointProperties": [
        {
          "Name": "fingerprint",
          "Value": "u5dymhcs80"
        },
        {
          "Name": "integrity",
          "Value": "sha256-3g7DFsMD1BnKvMoHEkkEFsVpM20oZ8ac+o6Qx5fKqdM="
        },
        {
          "Name": "label",
          "Value": "images/24e3b96e-5d0e-4fd1-a4f7-26e2eb1af799.jpg"
        }
      ]
    },
    {
      "Route": "images/25d26cf9-e888-4f1e-ae68-c094c4479684.jpg",
      "AssetFile": "images/25d26cf9-e888-4f1e-ae68-c094c4479684.jpg",
      "Selectors": [],
      "ResponseHeaders": [
        {
          "Name": "Accept-Ranges",
          "Value": "bytes"
        },
        {
          "Name": "Cache-Control",
          "Value": "max-age=3600, must-revalidate"
        },
        {
          "Name": "Content-Length",
          "Value": "1349345"
        },
        {
          "Name": "Content-Type",
          "Value": "image/jpeg"
        },
        {
          "Name": "ETag",
          "Value": "\"BWVGdXdpLB6bqTlDI7wOOU0qwJ1yblPdtyZU5CuHcFE=\""
        },
        {
          "Name": "Last-Modified",
          "Value": "Mon, 14 Jul 2025 00:50:09 GMT"
        }
      ],
      "EndpointProperties": [
        {
          "Name": "integrity",
          "Value": "sha256-BWVGdXdpLB6bqTlDI7wOOU0qwJ1yblPdtyZU5CuHcFE="
        }
      ]
    },
    {
      "Route": "images/25d26cf9-e888-4f1e-ae68-c094c4479684.zyh0cpb8ko.jpg",
      "AssetFile": "images/25d26cf9-e888-4f1e-ae68-c094c4479684.jpg",
      "Selectors": [],
      "ResponseHeaders": [
        {
          "Name": "Accept-Ranges",
          "Value": "bytes"
        },
        {
          "Name": "Cache-Control",
          "Value": "max-age=31536000, immutable"
        },
        {
          "Name": "Content-Length",
          "Value": "1349345"
        },
        {
          "Name": "Content-Type",
          "Value": "image/jpeg"
        },
        {
          "Name": "ETag",
          "Value": "\"BWVGdXdpLB6bqTlDI7wOOU0qwJ1yblPdtyZU5CuHcFE=\""
        },
        {
          "Name": "Last-Modified",
          "Value": "Mon, 14 Jul 2025 00:50:09 GMT"
        }
      ],
      "EndpointProperties": [
        {
          "Name": "fingerprint",
          "Value": "zyh0cpb8ko"
        },
        {
          "Name": "integrity",
          "Value": "sha256-BWVGdXdpLB6bqTlDI7wOOU0qwJ1yblPdtyZU5CuHcFE="
        },
        {
          "Name": "label",
          "Value": "images/25d26cf9-e888-4f1e-ae68-c094c4479684.jpg"
        }
      ]
    },
    {
      "Route": "images/32887bbd-c9c5-478c-acaf-6a9fb70189a2_gratisography-augmented-reality-800x525.jpg",
      "AssetFile": "images/32887bbd-c9c5-478c-acaf-6a9fb70189a2_gratisography-augmented-reality-800x525.jpg",
      "Selectors": [],
      "ResponseHeaders": [
        {
          "Name": "Accept-Ranges",
          "Value": "bytes"
        },
        {
          "Name": "Cache-Control",
          "Value": "max-age=3600, must-revalidate"
        },
        {
          "Name": "Content-Length",
          "Value": "52413"
        },
        {
          "Name": "Content-Type",
          "Value": "image/jpeg"
        },
        {
          "Name": "ETag",
          "Value": "\"56D/5urOY4JxuEJUssB+hUMewvuhGlWneJ8HE1uCPXk=\""
        },
        {
          "Name": "Last-Modified",
          "Value": "Sat, 28 Jun 2025 01:50:00 GMT"
        }
      ],
      "EndpointProperties": [
        {
          "Name": "integrity",
          "Value": "sha256-56D/5urOY4JxuEJUssB+hUMewvuhGlWneJ8HE1uCPXk="
        }
      ]
    },
    {
      "Route": "images/32887bbd-c9c5-478c-acaf-6a9fb70189a2_gratisography-augmented-reality-800x525.ns6q4qlqvt.jpg",
      "AssetFile": "images/32887bbd-c9c5-478c-acaf-6a9fb70189a2_gratisography-augmented-reality-800x525.jpg",
      "Selectors": [],
      "ResponseHeaders": [
        {
          "Name": "Accept-Ranges",
          "Value": "bytes"
        },
        {
          "Name": "Cache-Control",
          "Value": "max-age=31536000, immutable"
        },
        {
          "Name": "Content-Length",
          "Value": "52413"
        },
        {
          "Name": "Content-Type",
          "Value": "image/jpeg"
        },
        {
          "Name": "ETag",
          "Value": "\"56D/5urOY4JxuEJUssB+hUMewvuhGlWneJ8HE1uCPXk=\""
        },
        {
          "Name": "Last-Modified",
          "Value": "Sat, 28 Jun 2025 01:50:00 GMT"
        }
      ],
      "EndpointProperties": [
        {
          "Name": "fingerprint",
          "Value": "ns6q4qlqvt"
        },
        {
          "Name": "integrity",
          "Value": "sha256-56D/5urOY4JxuEJUssB+hUMewvuhGlWneJ8HE1uCPXk="
        },
        {
          "Name": "label",
          "Value": "images/32887bbd-c9c5-478c-acaf-6a9fb70189a2_gratisography-augmented-reality-800x525.jpg"
        }
      ]
    },
    {
      "Route": "images/4d6c91b0-f892-4751-b0ac-0887db24f557.h2mzd9l545.jpg",
      "AssetFile": "images/4d6c91b0-f892-4751-b0ac-0887db24f557.jpg",
      "Selectors": [],
      "ResponseHeaders": [
        {
          "Name": "Accept-Ranges",
          "Value": "bytes"
        },
        {
          "Name": "Cache-Control",
          "Value": "max-age=31536000, immutable"
        },
        {
          "Name": "Content-Length",
          "Value": "428078"
        },
        {
          "Name": "Content-Type",
          "Value": "image/jpeg"
        },
        {
          "Name": "ETag",
          "Value": "\"hyRObj3ozdbvMqK/rMhx5I3HfUJ1BalYY8xsP+MEuBg=\""
        },
        {
          "Name": "Last-Modified",
          "Value": "Mon, 14 Jul 2025 00:49:49 GMT"
        }
      ],
      "EndpointProperties": [
        {
          "Name": "fingerprint",
          "Value": "h2mzd9l545"
        },
        {
          "Name": "integrity",
          "Value": "sha256-hyRObj3ozdbvMqK/rMhx5I3HfUJ1BalYY8xsP+MEuBg="
        },
        {
          "Name": "label",
          "Value": "images/4d6c91b0-f892-4751-b0ac-0887db24f557.jpg"
        }
      ]
    },
    {
      "Route": "images/4d6c91b0-f892-4751-b0ac-0887db24f557.jpg",
      "AssetFile": "images/4d6c91b0-f892-4751-b0ac-0887db24f557.jpg",
      "Selectors": [],
      "ResponseHeaders": [
        {
          "Name": "Accept-Ranges",
          "Value": "bytes"
        },
        {
          "Name": "Cache-Control",
          "Value": "max-age=3600, must-revalidate"
        },
        {
          "Name": "Content-Length",
          "Value": "428078"
        },
        {
          "Name": "Content-Type",
          "Value": "image/jpeg"
        },
        {
          "Name": "ETag",
          "Value": "\"hyRObj3ozdbvMqK/rMhx5I3HfUJ1BalYY8xsP+MEuBg=\""
        },
        {
          "Name": "Last-Modified",
          "Value": "Mon, 14 Jul 2025 00:49:49 GMT"
        }
      ],
      "EndpointProperties": [
        {
          "Name": "integrity",
          "Value": "sha256-hyRObj3ozdbvMqK/rMhx5I3HfUJ1BalYY8xsP+MEuBg="
        }
      ]
    },
    {
      "Route": "images/60e868a1-7df3-459c-935f-192cc151ff68.3o9umqmi6v.jpg",
      "AssetFile": "images/60e868a1-7df3-459c-935f-192cc151ff68.jpg",
      "Selectors": [],
      "ResponseHeaders": [
        {
          "Name": "Accept-Ranges",
          "Value": "bytes"
        },
        {
          "Name": "Cache-Control",
          "Value": "max-age=31536000, immutable"
        },
        {
          "Name": "Content-Length",
          "Value": "49874"
        },
        {
          "Name": "Content-Type",
          "Value": "image/jpeg"
        },
        {
          "Name": "ETag",
          "Value": "\"c+pb09utOxFL8WkN7TGnIw87bDD8Q95nDtskMa/Lk+A=\""
        },
        {
          "Name": "Last-Modified",
          "Value": "Mon, 14 Jul 2025 00:49:37 GMT"
        }
      ],
      "EndpointProperties": [
        {
          "Name": "fingerprint",
          "Value": "3o9umqmi6v"
        },
        {
          "Name": "integrity",
          "Value": "sha256-c+pb09utOxFL8WkN7TGnIw87bDD8Q95nDtskMa/Lk+A="
        },
        {
          "Name": "label",
          "Value": "images/60e868a1-7df3-459c-935f-192cc151ff68.jpg"
        }
      ]
    },
    {
      "Route": "images/60e868a1-7df3-459c-935f-192cc151ff68.jpg",
      "AssetFile": "images/60e868a1-7df3-459c-935f-192cc151ff68.jpg",
      "Selectors": [],
      "ResponseHeaders": [
        {
          "Name": "Accept-Ranges",
          "Value": "bytes"
        },
        {
          "Name": "Cache-Control",
          "Value": "max-age=3600, must-revalidate"
        },
        {
          "Name": "Content-Length",
          "Value": "49874"
        },
        {
          "Name": "Content-Type",
          "Value": "image/jpeg"
        },
        {
          "Name": "ETag",
          "Value": "\"c+pb09utOxFL8WkN7TGnIw87bDD8Q95nDtskMa/Lk+A=\""
        },
        {
          "Name": "Last-Modified",
          "Value": "Mon, 14 Jul 2025 00:49:37 GMT"
        }
      ],
      "EndpointProperties": [
        {
          "Name": "integrity",
          "Value": "sha256-c+pb09utOxFL8WkN7TGnIw87bDD8Q95nDtskMa/Lk+A="
        }
      ]
    },
    {
      "Route": "images/61e3ff92-9de7-4117-8998-adce623687be_gratisography-augmented-reality-800x525.jpg",
      "AssetFile": "images/61e3ff92-9de7-4117-8998-adce623687be_gratisography-augmented-reality-800x525.jpg",
      "Selectors": [],
      "ResponseHeaders": [
        {
          "Name": "Accept-Ranges",
          "Value": "bytes"
        },
        {
          "Name": "Cache-Control",
          "Value": "max-age=3600, must-revalidate"
        },
        {
          "Name": "Content-Length",
          "Value": "52413"
        },
        {
          "Name": "Content-Type",
          "Value": "image/jpeg"
        },
        {
          "Name": "ETag",
          "Value": "\"56D/5urOY4JxuEJUssB+hUMewvuhGlWneJ8HE1uCPXk=\""
        },
        {
          "Name": "Last-Modified",
          "Value": "Mon, 07 Jul 2025 02:00:01 GMT"
        }
      ],
      "EndpointProperties": [
        {
          "Name": "integrity",
          "Value": "sha256-56D/5urOY4JxuEJUssB+hUMewvuhGlWneJ8HE1uCPXk="
        }
      ]
    },
    {
      "Route": "images/61e3ff92-9de7-4117-8998-adce623687be_gratisography-augmented-reality-800x525.ns6q4qlqvt.jpg",
      "AssetFile": "images/61e3ff92-9de7-4117-8998-adce623687be_gratisography-augmented-reality-800x525.jpg",
      "Selectors": [],
      "ResponseHeaders": [
        {
          "Name": "Accept-Ranges",
          "Value": "bytes"
        },
        {
          "Name": "Cache-Control",
          "Value": "max-age=31536000, immutable"
        },
        {
          "Name": "Content-Length",
          "Value": "52413"
        },
        {
          "Name": "Content-Type",
          "Value": "image/jpeg"
        },
        {
          "Name": "ETag",
          "Value": "\"56D/5urOY4JxuEJUssB+hUMewvuhGlWneJ8HE1uCPXk=\""
        },
        {
          "Name": "Last-Modified",
          "Value": "Mon, 07 Jul 2025 02:00:01 GMT"
        }
      ],
      "EndpointProperties": [
        {
          "Name": "fingerprint",
          "Value": "ns6q4qlqvt"
        },
        {
          "Name": "integrity",
          "Value": "sha256-56D/5urOY4JxuEJUssB+hUMewvuhGlWneJ8HE1uCPXk="
        },
        {
          "Name": "label",
          "Value": "images/61e3ff92-9de7-4117-8998-adce623687be_gratisography-augmented-reality-800x525.jpg"
        }
      ]
    },
    {
      "Route": "images/66a4c4a3-6477-4c29-9d59-cc4eaadc1d2d_download.b9nutol4pn.jpg",
      "AssetFile": "images/66a4c4a3-6477-4c29-9d59-cc4eaadc1d2d_download.jpg",
      "Selectors": [],
      "ResponseHeaders": [
        {
          "Name": "Accept-Ranges",
          "Value": "bytes"
        },
        {
          "Name": "Cache-Control",
          "Value": "max-age=31536000, immutable"
        },
        {
          "Name": "Content-Length",
          "Value": "6290"
        },
        {
          "Name": "Content-Type",
          "Value": "image/jpeg"
        },
        {
          "Name": "ETag",
          "Value": "\"P752722NoScoJTJsO8VlOSiD8oH1l6/5fBKvJgjNqo4=\""
        },
        {
          "Name": "Last-Modified",
          "Value": "Thu, 26 Jun 2025 23:00:57 GMT"
        }
      ],
      "EndpointProperties": [
        {
          "Name": "fingerprint",
          "Value": "b9nutol4pn"
        },
        {
          "Name": "integrity",
          "Value": "sha256-P752722NoScoJTJsO8VlOSiD8oH1l6/5fBKvJgjNqo4="
        },
        {
          "Name": "label",
          "Value": "images/66a4c4a3-6477-4c29-9d59-cc4eaadc1d2d_download.jpg"
        }
      ]
    },
    {
      "Route": "images/66a4c4a3-6477-4c29-9d59-cc4eaadc1d2d_download.jpg",
      "AssetFile": "images/66a4c4a3-6477-4c29-9d59-cc4eaadc1d2d_download.jpg",
      "Selectors": [],
      "ResponseHeaders": [
        {
          "Name": "Accept-Ranges",
          "Value": "bytes"
        },
        {
          "Name": "Cache-Control",
          "Value": "max-age=3600, must-revalidate"
        },
        {
          "Name": "Content-Length",
          "Value": "6290"
        },
        {
          "Name": "Content-Type",
          "Value": "image/jpeg"
        },
        {
          "Name": "ETag",
          "Value": "\"P752722NoScoJTJsO8VlOSiD8oH1l6/5fBKvJgjNqo4=\""
        },
        {
          "Name": "Last-Modified",
          "Value": "Thu, 26 Jun 2025 23:00:57 GMT"
        }
      ],
      "EndpointProperties": [
        {
          "Name": "integrity",
          "Value": "sha256-P752722NoScoJTJsO8VlOSiD8oH1l6/5fBKvJgjNqo4="
        }
      ]
    },
    {
      "Route": "images/6d18dd26-8212-4bf9-801a-6cb3f572e82d_wallpaperflare-cropped.jpg",
      "AssetFile": "images/6d18dd26-8212-4bf9-801a-6cb3f572e82d_wallpaperflare-cropped.jpg",
      "Selectors": [],
      "ResponseHeaders": [
        {
          "Name": "Accept-Ranges",
          "Value": "bytes"
        },
        {
          "Name": "Cache-Control",
          "Value": "max-age=3600, must-revalidate"
        },
        {
          "Name": "Content-Length",
          "Value": "4871061"
        },
        {
          "Name": "Content-Type",
          "Value": "image/jpeg"
        },
        {
          "Name": "ETag",
          "Value": "\"UGIG/psbf2U/nUnWOgBXXDzVc5fDL/u6vAiAy4BN/JA=\""
        },
        {
          "Name": "Last-Modified",
          "Value": "Mon, 14 Jul 2025 01:13:24 GMT"
        }
      ],
      "EndpointProperties": [
        {
          "Name": "integrity",
          "Value": "sha256-UGIG/psbf2U/nUnWOgBXXDzVc5fDL/u6vAiAy4BN/JA="
        }
      ]
    },
    {
      "Route": "images/6d18dd26-8212-4bf9-801a-6cb3f572e82d_wallpaperflare-cropped.kfqmzcosdw.jpg",
      "AssetFile": "images/6d18dd26-8212-4bf9-801a-6cb3f572e82d_wallpaperflare-cropped.jpg",
      "Selectors": [],
      "ResponseHeaders": [
        {
          "Name": "Accept-Ranges",
          "Value": "bytes"
        },
        {
          "Name": "Cache-Control",
          "Value": "max-age=31536000, immutable"
        },
        {
          "Name": "Content-Length",
          "Value": "4871061"
        },
        {
          "Name": "Content-Type",
          "Value": "image/jpeg"
        },
        {
          "Name": "ETag",
          "Value": "\"UGIG/psbf2U/nUnWOgBXXDzVc5fDL/u6vAiAy4BN/JA=\""
        },
        {
          "Name": "Last-Modified",
          "Value": "Mon, 14 Jul 2025 01:13:24 GMT"
        }
      ],
      "EndpointProperties": [
        {
          "Name": "fingerprint",
          "Value": "kfqmzcosdw"
        },
        {
          "Name": "integrity",
          "Value": "sha256-UGIG/psbf2U/nUnWOgBXXDzVc5fDL/u6vAiAy4BN/JA="
        },
        {
          "Name": "label",
          "Value": "images/6d18dd26-8212-4bf9-801a-6cb3f572e82d_wallpaperflare-cropped.jpg"
        }
      ]
    },
    {
      "Route": "images/70069852-58d4-49d2-92fc-e430dfb6bbb0.jpg",
      "AssetFile": "images/70069852-58d4-49d2-92fc-e430dfb6bbb0.jpg",
      "Selectors": [],
      "ResponseHeaders": [
        {
          "Name": "Accept-Ranges",
          "Value": "bytes"
        },
        {
          "Name": "Cache-Control",
          "Value": "max-age=3600, must-revalidate"
        },
        {
          "Name": "Content-Length",
          "Value": "2067834"
        },
        {
          "Name": "Content-Type",
          "Value": "image/jpeg"
        },
        {
          "Name": "ETag",
          "Value": "\"aOmPoMS3dxhrIvdg2K6y/lOjWLX0XcP/s4wT488G4C8=\""
        },
        {
          "Name": "Last-Modified",
          "Value": "Mon, 14 Jul 2025 00:35:56 GMT"
        }
      ],
      "EndpointProperties": [
        {
          "Name": "integrity",
          "Value": "sha256-aOmPoMS3dxhrIvdg2K6y/lOjWLX0XcP/s4wT488G4C8="
        }
      ]
    },
    {
      "Route": "images/70069852-58d4-49d2-92fc-e430dfb6bbb0.o0d2zmis1x.jpg",
      "AssetFile": "images/70069852-58d4-49d2-92fc-e430dfb6bbb0.jpg",
      "Selectors": [],
      "ResponseHeaders": [
        {
          "Name": "Accept-Ranges",
          "Value": "bytes"
        },
        {
          "Name": "Cache-Control",
          "Value": "max-age=31536000, immutable"
        },
        {
          "Name": "Content-Length",
          "Value": "2067834"
        },
        {
          "Name": "Content-Type",
          "Value": "image/jpeg"
        },
        {
          "Name": "ETag",
          "Value": "\"aOmPoMS3dxhrIvdg2K6y/lOjWLX0XcP/s4wT488G4C8=\""
        },
        {
          "Name": "Last-Modified",
          "Value": "Mon, 14 Jul 2025 00:35:56 GMT"
        }
      ],
      "EndpointProperties": [
        {
          "Name": "fingerprint",
          "Value": "o0d2zmis1x"
        },
        {
          "Name": "integrity",
          "Value": "sha256-aOmPoMS3dxhrIvdg2K6y/lOjWLX0XcP/s4wT488G4C8="
        },
        {
          "Name": "label",
          "Value": "images/70069852-58d4-49d2-92fc-e430dfb6bbb0.jpg"
        }
      ]
    },
    {
      "Route": "images/812eb6ec-c712-4541-be75-759b7b834867.jpg",
      "AssetFile": "images/812eb6ec-c712-4541-be75-759b7b834867.jpg",
      "Selectors": [],
      "ResponseHeaders": [
        {
          "Name": "Accept-Ranges",
          "Value": "bytes"
        },
        {
          "Name": "Cache-Control",
          "Value": "max-age=3600, must-revalidate"
        },
        {
          "Name": "Content-Length",
          "Value": "2114475"
        },
        {
          "Name": "Content-Type",
          "Value": "image/jpeg"
        },
        {
          "Name": "ETag",
          "Value": "\"KWy4SBoI2ZbCD8oNnY41JIsEhJ0thCZYlMqjckIY+D8=\""
        },
        {
          "Name": "Last-Modified",
          "Value": "Mon, 14 Jul 2025 00:36:05 GMT"
        }
      ],
      "EndpointProperties": [
        {
          "Name": "integrity",
          "Value": "sha256-KWy4SBoI2ZbCD8oNnY41JIsEhJ0thCZYlMqjckIY+D8="
        }
      ]
    },
    {
      "Route": "images/812eb6ec-c712-4541-be75-759b7b834867.rb34ubss26.jpg",
      "AssetFile": "images/812eb6ec-c712-4541-be75-759b7b834867.jpg",
      "Selectors": [],
      "ResponseHeaders": [
        {
          "Name": "Accept-Ranges",
          "Value": "bytes"
        },
        {
          "Name": "Cache-Control",
          "Value": "max-age=31536000, immutable"
        },
        {
          "Name": "Content-Length",
          "Value": "2114475"
        },
        {
          "Name": "Content-Type",
          "Value": "image/jpeg"
        },
        {
          "Name": "ETag",
          "Value": "\"KWy4SBoI2ZbCD8oNnY41JIsEhJ0thCZYlMqjckIY+D8=\""
        },
        {
          "Name": "Last-Modified",
          "Value": "Mon, 14 Jul 2025 00:36:05 GMT"
        }
      ],
      "EndpointProperties": [
        {
          "Name": "fingerprint",
          "Value": "rb34ubss26"
        },
        {
          "Name": "integrity",
          "Value": "sha256-KWy4SBoI2ZbCD8oNnY41JIsEhJ0thCZYlMqjckIY+D8="
        },
        {
          "Name": "label",
          "Value": "images/812eb6ec-c712-4541-be75-759b7b834867.jpg"
        }
      ]
    },
    {
      "Route": "images/88c8bc5c-db4a-4b0e-ba6b-164fa2954263.4i6acbxf36.png",
      "AssetFile": "images/88c8bc5c-db4a-4b0e-ba6b-164fa2954263.png",
      "Selectors": [],
      "ResponseHeaders": [
        {
          "Name": "Accept-Ranges",
          "Value": "bytes"
        },
        {
          "Name": "Cache-Control",
          "Value": "max-age=31536000, immutable"
        },
        {
          "Name": "Content-Length",
          "Value": "83584"
        },
        {
          "Name": "Content-Type",
          "Value": "image/png"
        },
        {
          "Name": "ETag",
          "Value": "\"lFieFJ+s/syEbm6+7A7Kl/uVa/03X0fVIyNHV/ycq1s=\""
        },
        {
          "Name": "Last-Modified",
          "Value": "Mon, 14 Jul 2025 00:29:24 GMT"
        }
      ],
      "EndpointProperties": [
        {
          "Name": "fingerprint",
          "Value": "4i6acbxf36"
        },
        {
          "Name": "integrity",
          "Value": "sha256-lFieFJ+s/syEbm6+7A7Kl/uVa/03X0fVIyNHV/ycq1s="
        },
        {
          "Name": "label",
          "Value": "images/88c8bc5c-db4a-4b0e-ba6b-164fa2954263.png"
        }
      ]
    },
    {
      "Route": "images/88c8bc5c-db4a-4b0e-ba6b-164fa2954263.png",
      "AssetFile": "images/88c8bc5c-db4a-4b0e-ba6b-164fa2954263.png",
      "Selectors": [],
      "ResponseHeaders": [
        {
          "Name": "Accept-Ranges",
          "Value": "bytes"
        },
        {
          "Name": "Cache-Control",
          "Value": "max-age=3600, must-revalidate"
        },
        {
          "Name": "Content-Length",
          "Value": "83584"
        },
        {
          "Name": "Content-Type",
          "Value": "image/png"
        },
        {
          "Name": "ETag",
          "Value": "\"lFieFJ+s/syEbm6+7A7Kl/uVa/03X0fVIyNHV/ycq1s=\""
        },
        {
          "Name": "Last-Modified",
          "Value": "Mon, 14 Jul 2025 00:29:24 GMT"
        }
      ],
      "EndpointProperties": [
        {
          "Name": "integrity",
          "Value": "sha256-lFieFJ+s/syEbm6+7A7Kl/uVa/03X0fVIyNHV/ycq1s="
        }
      ]
    },
    {
      "Route": "images/a49197d4-d888-40d9-b225-e88f6d5c7d54.0yb8k9biuw.jpg",
      "AssetFile": "images/a49197d4-d888-40d9-b225-e88f6d5c7d54.jpg",
      "Selectors": [],
      "ResponseHeaders": [
        {
          "Name": "Accept-Ranges",
          "Value": "bytes"
        },
        {
          "Name": "Cache-Control",
          "Value": "max-age=31536000, immutable"
        },
        {
          "Name": "Content-Length",
          "Value": "1922941"
        },
        {
          "Name": "Content-Type",
          "Value": "image/jpeg"
        },
        {
          "Name": "ETag",
          "Value": "\"iIl1TFW1mJyMi8y6pcQc5P8lRzYRXaGzHugfOxIsEfM=\""
        },
        {
          "Name": "Last-Modified",
          "Value": "Mon, 14 Jul 2025 01:15:33 GMT"
        }
      ],
      "EndpointProperties": [
        {
          "Name": "fingerprint",
          "Value": "0yb8k9biuw"
        },
        {
          "Name": "integrity",
          "Value": "sha256-iIl1TFW1mJyMi8y6pcQc5P8lRzYRXaGzHugfOxIsEfM="
        },
        {
          "Name": "label",
          "Value": "images/a49197d4-d888-40d9-b225-e88f6d5c7d54.jpg"
        }
      ]
    },
    {
      "Route": "images/a49197d4-d888-40d9-b225-e88f6d5c7d54.jpg",
      "AssetFile": "images/a49197d4-d888-40d9-b225-e88f6d5c7d54.jpg",
      "Selectors": [],
      "ResponseHeaders": [
        {
          "Name": "Accept-Ranges",
          "Value": "bytes"
        },
        {
          "Name": "Cache-Control",
          "Value": "max-age=3600, must-revalidate"
        },
        {
          "Name": "Content-Length",
          "Value": "1922941"
        },
        {
          "Name": "Content-Type",
          "Value": "image/jpeg"
        },
        {
          "Name": "ETag",
          "Value": "\"iIl1TFW1mJyMi8y6pcQc5P8lRzYRXaGzHugfOxIsEfM=\""
        },
        {
          "Name": "Last-Modified",
          "Value": "Mon, 14 Jul 2025 01:15:33 GMT"
        }
      ],
      "EndpointProperties": [
        {
          "Name": "integrity",
          "Value": "sha256-iIl1TFW1mJyMi8y6pcQc5P8lRzYRXaGzHugfOxIsEfM="
        }
      ]
    },
    {
      "Route": "images/a676c66d-cadb-41df-bbad-494fdfa80de7.jpg",
      "AssetFile": "images/a676c66d-cadb-41df-bbad-494fdfa80de7.jpg",
      "Selectors": [],
      "ResponseHeaders": [
        {
          "Name": "Accept-Ranges",
          "Value": "bytes"
        },
        {
          "Name": "Cache-Control",
          "Value": "max-age=3600, must-revalidate"
        },
        {
          "Name": "Content-Length",
          "Value": "2114475"
        },
        {
          "Name": "Content-Type",
          "Value": "image/jpeg"
        },
        {
          "Name": "ETag",
          "Value": "\"KWy4SBoI2ZbCD8oNnY41JIsEhJ0thCZYlMqjckIY+D8=\""
        },
        {
          "Name": "Last-Modified",
          "Value": "Mon, 14 Jul 2025 00:49:31 GMT"
        }
      ],
      "EndpointProperties": [
        {
          "Name": "integrity",
          "Value": "sha256-KWy4SBoI2ZbCD8oNnY41JIsEhJ0thCZYlMqjckIY+D8="
        }
      ]
    },
    {
      "Route": "images/a676c66d-cadb-41df-bbad-494fdfa80de7.rb34ubss26.jpg",
      "AssetFile": "images/a676c66d-cadb-41df-bbad-494fdfa80de7.jpg",
      "Selectors": [],
      "ResponseHeaders": [
        {
          "Name": "Accept-Ranges",
          "Value": "bytes"
        },
        {
          "Name": "Cache-Control",
          "Value": "max-age=31536000, immutable"
        },
        {
          "Name": "Content-Length",
          "Value": "2114475"
        },
        {
          "Name": "Content-Type",
          "Value": "image/jpeg"
        },
        {
          "Name": "ETag",
          "Value": "\"KWy4SBoI2ZbCD8oNnY41JIsEhJ0thCZYlMqjckIY+D8=\""
        },
        {
          "Name": "Last-Modified",
          "Value": "Mon, 14 Jul 2025 00:49:31 GMT"
        }
      ],
      "EndpointProperties": [
        {
          "Name": "fingerprint",
          "Value": "rb34ubss26"
        },
        {
          "Name": "integrity",
          "Value": "sha256-KWy4SBoI2ZbCD8oNnY41JIsEhJ0thCZYlMqjckIY+D8="
        },
        {
          "Name": "label",
          "Value": "images/a676c66d-cadb-41df-bbad-494fdfa80de7.jpg"
        }
      ]
    },
    {
      "Route": "images/aa5a1c03-5a5b-4cb6-9e9a-4d4f9a2b2569.e0ap3js95x.jpg",
      "AssetFile": "images/aa5a1c03-5a5b-4cb6-9e9a-4d4f9a2b2569.jpg",
      "Selectors": [],
      "ResponseHeaders": [
        {
          "Name": "Accept-Ranges",
          "Value": "bytes"
        },
        {
          "Name": "Cache-Control",
          "Value": "max-age=31536000, immutable"
        },
        {
          "Name": "Content-Length",
          "Value": "2432230"
        },
        {
          "Name": "Content-Type",
          "Value": "image/jpeg"
        },
        {
          "Name": "ETag",
          "Value": "\"EvIn7/CwcrqGvfy1p/v0FgTOpyvs771FxKSLvLOceh8=\""
        },
        {
          "Name": "Last-Modified",
          "Value": "Mon, 14 Jul 2025 01:15:37 GMT"
        }
      ],
      "EndpointProperties": [
        {
          "Name": "fingerprint",
          "Value": "e0ap3js95x"
        },
        {
          "Name": "integrity",
          "Value": "sha256-EvIn7/CwcrqGvfy1p/v0FgTOpyvs771FxKSLvLOceh8="
        },
        {
          "Name": "label",
          "Value": "images/aa5a1c03-5a5b-4cb6-9e9a-4d4f9a2b2569.jpg"
        }
      ]
    },
    {
      "Route": "images/aa5a1c03-5a5b-4cb6-9e9a-4d4f9a2b2569.jpg",
      "AssetFile": "images/aa5a1c03-5a5b-4cb6-9e9a-4d4f9a2b2569.jpg",
      "Selectors": [],
      "ResponseHeaders": [
        {
          "Name": "Accept-Ranges",
          "Value": "bytes"
        },
        {
          "Name": "Cache-Control",
          "Value": "max-age=3600, must-revalidate"
        },
        {
          "Name": "Content-Length",
          "Value": "2432230"
        },
        {
          "Name": "Content-Type",
          "Value": "image/jpeg"
        },
        {
          "Name": "ETag",
          "Value": "\"EvIn7/CwcrqGvfy1p/v0FgTOpyvs771FxKSLvLOceh8=\""
        },
        {
          "Name": "Last-Modified",
          "Value": "Mon, 14 Jul 2025 01:15:37 GMT"
        }
      ],
      "EndpointProperties": [
        {
          "Name": "integrity",
          "Value": "sha256-EvIn7/CwcrqGvfy1p/v0FgTOpyvs771FxKSLvLOceh8="
        }
      ]
    },
    {
      "Route": "images/b282a577-b412-4a4f-bc53-a8a5362837d8.jpg",
      "AssetFile": "images/b282a577-b412-4a4f-bc53-a8a5362837d8.jpg",
      "Selectors": [],
      "ResponseHeaders": [
        {
          "Name": "Accept-Ranges",
          "Value": "bytes"
        },
        {
          "Name": "Cache-Control",
          "Value": "max-age=3600, must-revalidate"
        },
        {
          "Name": "Content-Length",
          "Value": "52413"
        },
        {
          "Name": "Content-Type",
          "Value": "image/jpeg"
        },
        {
          "Name": "ETag",
          "Value": "\"56D/5urOY4JxuEJUssB+hUMewvuhGlWneJ8HE1uCPXk=\""
        },
        {
          "Name": "Last-Modified",
          "Value": "Mon, 14 Jul 2025 00:49:16 GMT"
        }
      ],
      "EndpointProperties": [
        {
          "Name": "integrity",
          "Value": "sha256-56D/5urOY4JxuEJUssB+hUMewvuhGlWneJ8HE1uCPXk="
        }
      ]
    },
    {
      "Route": "images/b282a577-b412-4a4f-bc53-a8a5362837d8.ns6q4qlqvt.jpg",
      "AssetFile": "images/b282a577-b412-4a4f-bc53-a8a5362837d8.jpg",
      "Selectors": [],
      "ResponseHeaders": [
        {
          "Name": "Accept-Ranges",
          "Value": "bytes"
        },
        {
          "Name": "Cache-Control",
          "Value": "max-age=31536000, immutable"
        },
        {
          "Name": "Content-Length",
          "Value": "52413"
        },
        {
          "Name": "Content-Type",
          "Value": "image/jpeg"
        },
        {
          "Name": "ETag",
          "Value": "\"56D/5urOY4JxuEJUssB+hUMewvuhGlWneJ8HE1uCPXk=\""
        },
        {
          "Name": "Last-Modified",
          "Value": "Mon, 14 Jul 2025 00:49:16 GMT"
        }
      ],
      "EndpointProperties": [
        {
          "Name": "fingerprint",
          "Value": "ns6q4qlqvt"
        },
        {
          "Name": "integrity",
          "Value": "sha256-56D/5urOY4JxuEJUssB+hUMewvuhGlWneJ8HE1uCPXk="
        },
        {
          "Name": "label",
          "Value": "images/b282a577-b412-4a4f-bc53-a8a5362837d8.jpg"
        }
      ]
    },
    {
      "Route": "images/b4d8b179-66e5-4c33-af98-296b15b326d7.png",
      "AssetFile": "images/b4d8b179-66e5-4c33-af98-296b15b326d7.png",
      "Selectors": [],
      "ResponseHeaders": [
        {
          "Name": "Accept-Ranges",
          "Value": "bytes"
        },
        {
          "Name": "Cache-Control",
          "Value": "max-age=3600, must-revalidate"
        },
        {
          "Name": "Content-Length",
          "Value": "413812"
        },
        {
          "Name": "Content-Type",
          "Value": "image/png"
        },
        {
          "Name": "ETag",
          "Value": "\"T1EWVhmGe6K0eC8pZuezwFbkQcsSy+o7rWpGm1Qj8ZM=\""
        },
        {
          "Name": "Last-Modified",
          "Value": "Mon, 14 Jul 2025 00:49:24 GMT"
        }
      ],
      "EndpointProperties": [
        {
          "Name": "integrity",
          "Value": "sha256-T1EWVhmGe6K0eC8pZuezwFbkQcsSy+o7rWpGm1Qj8ZM="
        }
      ]
    },
    {
      "Route": "images/b4d8b179-66e5-4c33-af98-296b15b326d7.xgx9tcnhjb.png",
      "AssetFile": "images/b4d8b179-66e5-4c33-af98-296b15b326d7.png",
      "Selectors": [],
      "ResponseHeaders": [
        {
          "Name": "Accept-Ranges",
          "Value": "bytes"
        },
        {
          "Name": "Cache-Control",
          "Value": "max-age=31536000, immutable"
        },
        {
          "Name": "Content-Length",
          "Value": "413812"
        },
        {
          "Name": "Content-Type",
          "Value": "image/png"
        },
        {
          "Name": "ETag",
          "Value": "\"T1EWVhmGe6K0eC8pZuezwFbkQcsSy+o7rWpGm1Qj8ZM=\""
        },
        {
          "Name": "Last-Modified",
          "Value": "Mon, 14 Jul 2025 00:49:24 GMT"
        }
      ],
      "EndpointProperties": [
        {
          "Name": "fingerprint",
          "Value": "xgx9tcnhjb"
        },
        {
          "Name": "integrity",
          "Value": "sha256-T1EWVhmGe6K0eC8pZuezwFbkQcsSy+o7rWpGm1Qj8ZM="
        },
        {
          "Name": "label",
          "Value": "images/b4d8b179-66e5-4c33-af98-296b15b326d7.png"
        }
      ]
    },
    {
      "Route": "images/be33adcf-7236-4efc-809b-4ec7b94631e4.jpg",
      "AssetFile": "images/be33adcf-7236-4efc-809b-4ec7b94631e4.jpg",
      "Selectors": [],
      "ResponseHeaders": [
        {
          "Name": "Accept-Ranges",
          "Value": "bytes"
        },
        {
          "Name": "Cache-Control",
          "Value": "max-age=3600, must-revalidate"
        },
        {
          "Name": "Content-Length",
          "Value": "1133406"
        },
        {
          "Name": "Content-Type",
          "Value": "image/jpeg"
        },
        {
          "Name": "ETag",
          "Value": "\"OAjNNgsGpI13yRhJJFfBl30iO1uGfcubiMT9yzIAHA8=\""
        },
        {
          "Name": "Last-Modified",
          "Value": "Mon, 14 Jul 2025 01:15:35 GMT"
        }
      ],
      "EndpointProperties": [
        {
          "Name": "integrity",
          "Value": "sha256-OAjNNgsGpI13yRhJJFfBl30iO1uGfcubiMT9yzIAHA8="
        }
      ]
    },
    {
      "Route": "images/be33adcf-7236-4efc-809b-4ec7b94631e4.kdx9fqy3mw.jpg",
      "AssetFile": "images/be33adcf-7236-4efc-809b-4ec7b94631e4.jpg",
      "Selectors": [],
      "ResponseHeaders": [
        {
          "Name": "Accept-Ranges",
          "Value": "bytes"
        },
        {
          "Name": "Cache-Control",
          "Value": "max-age=31536000, immutable"
        },
        {
          "Name": "Content-Length",
          "Value": "1133406"
        },
        {
          "Name": "Content-Type",
          "Value": "image/jpeg"
        },
        {
          "Name": "ETag",
          "Value": "\"OAjNNgsGpI13yRhJJFfBl30iO1uGfcubiMT9yzIAHA8=\""
        },
        {
          "Name": "Last-Modified",
          "Value": "Mon, 14 Jul 2025 01:15:35 GMT"
        }
      ],
      "EndpointProperties": [
        {
          "Name": "fingerprint",
          "Value": "kdx9fqy3mw"
        },
        {
          "Name": "integrity",
          "Value": "sha256-OAjNNgsGpI13yRhJJFfBl30iO1uGfcubiMT9yzIAHA8="
        },
        {
          "Name": "label",
          "Value": "images/be33adcf-7236-4efc-809b-4ec7b94631e4.jpg"
        }
      ]
    },
    {
      "Route": "images/bf14c5c6-909a-49af-898f-e2d6352ca0aa.jpg",
      "AssetFile": "images/bf14c5c6-909a-49af-898f-e2d6352ca0aa.jpg",
      "Selectors": [],
      "ResponseHeaders": [
        {
          "Name": "Accept-Ranges",
          "Value": "bytes"
        },
        {
          "Name": "Cache-Control",
          "Value": "max-age=3600, must-revalidate"
        },
        {
          "Name": "Content-Length",
          "Value": "2067834"
        },
        {
          "Name": "Content-Type",
          "Value": "image/jpeg"
        },
        {
          "Name": "ETag",
          "Value": "\"aOmPoMS3dxhrIvdg2K6y/lOjWLX0XcP/s4wT488G4C8=\""
        },
        {
          "Name": "Last-Modified",
          "Value": "Mon, 14 Jul 2025 00:49:27 GMT"
        }
      ],
      "EndpointProperties": [
        {
          "Name": "integrity",
          "Value": "sha256-aOmPoMS3dxhrIvdg2K6y/lOjWLX0XcP/s4wT488G4C8="
        }
      ]
    },
    {
      "Route": "images/bf14c5c6-909a-49af-898f-e2d6352ca0aa.o0d2zmis1x.jpg",
      "AssetFile": "images/bf14c5c6-909a-49af-898f-e2d6352ca0aa.jpg",
      "Selectors": [],
      "ResponseHeaders": [
        {
          "Name": "Accept-Ranges",
          "Value": "bytes"
        },
        {
          "Name": "Cache-Control",
          "Value": "max-age=31536000, immutable"
        },
        {
          "Name": "Content-Length",
          "Value": "2067834"
        },
        {
          "Name": "Content-Type",
          "Value": "image/jpeg"
        },
        {
          "Name": "ETag",
          "Value": "\"aOmPoMS3dxhrIvdg2K6y/lOjWLX0XcP/s4wT488G4C8=\""
        },
        {
          "Name": "Last-Modified",
          "Value": "Mon, 14 Jul 2025 00:49:27 GMT"
        }
      ],
      "EndpointProperties": [
        {
          "Name": "fingerprint",
          "Value": "o0d2zmis1x"
        },
        {
          "Name": "integrity",
          "Value": "sha256-aOmPoMS3dxhrIvdg2K6y/lOjWLX0XcP/s4wT488G4C8="
        },
        {
          "Name": "label",
          "Value": "images/bf14c5c6-909a-49af-898f-e2d6352ca0aa.jpg"
        }
      ]
    },
    {
      "Route": "images/dba03227-6fe0-4daf-8304-3edee6d0ec90.b9nutol4pn.jpg",
      "AssetFile": "images/dba03227-6fe0-4daf-8304-3edee6d0ec90.jpg",
      "Selectors": [],
      "ResponseHeaders": [
        {
          "Name": "Accept-Ranges",
          "Value": "bytes"
        },
        {
          "Name": "Cache-Control",
          "Value": "max-age=31536000, immutable"
        },
        {
          "Name": "Content-Length",
          "Value": "6290"
        },
        {
          "Name": "Content-Type",
          "Value": "image/jpeg"
        },
        {
          "Name": "ETag",
          "Value": "\"P752722NoScoJTJsO8VlOSiD8oH1l6/5fBKvJgjNqo4=\""
        },
        {
          "Name": "Last-Modified",
          "Value": "Mon, 14 Jul 2025 00:49:20 GMT"
        }
      ],
      "EndpointProperties": [
        {
          "Name": "fingerprint",
          "Value": "b9nutol4pn"
        },
        {
          "Name": "integrity",
          "Value": "sha256-P752722NoScoJTJsO8VlOSiD8oH1l6/5fBKvJgjNqo4="
        },
        {
          "Name": "label",
          "Value": "images/dba03227-6fe0-4daf-8304-3edee6d0ec90.jpg"
        }
      ]
    },
    {
      "Route": "images/dba03227-6fe0-4daf-8304-3edee6d0ec90.jpg",
      "AssetFile": "images/dba03227-6fe0-4daf-8304-3edee6d0ec90.jpg",
      "Selectors": [],
      "ResponseHeaders": [
        {
          "Name": "Accept-Ranges",
          "Value": "bytes"
        },
        {
          "Name": "Cache-Control",
          "Value": "max-age=3600, must-revalidate"
        },
        {
          "Name": "Content-Length",
          "Value": "6290"
        },
        {
          "Name": "Content-Type",
          "Value": "image/jpeg"
        },
        {
          "Name": "ETag",
          "Value": "\"P752722NoScoJTJsO8VlOSiD8oH1l6/5fBKvJgjNqo4=\""
        },
        {
          "Name": "Last-Modified",
          "Value": "Mon, 14 Jul 2025 00:49:20 GMT"
        }
      ],
      "EndpointProperties": [
        {
          "Name": "integrity",
          "Value": "sha256-P752722NoScoJTJsO8VlOSiD8oH1l6/5fBKvJgjNqo4="
        }
      ]
    },
    {
      "Route": "images/dba13a0b-d1d6-4ce3-8541-d72edca46ceb.jpg",
      "AssetFile": "images/dba13a0b-d1d6-4ce3-8541-d72edca46ceb.jpg",
      "Selectors": [],
      "ResponseHeaders": [
        {
          "Name": "Accept-Ranges",
          "Value": "bytes"
        },
        {
          "Name": "Cache-Control",
          "Value": "max-age=3600, must-revalidate"
        },
        {
          "Name": "Content-Length",
          "Value": "52413"
        },
        {
          "Name": "Content-Type",
          "Value": "image/jpeg"
        },
        {
          "Name": "ETag",
          "Value": "\"56D/5urOY4JxuEJUssB+hUMewvuhGlWneJ8HE1uCPXk=\""
        },
        {
          "Name": "Last-Modified",
          "Value": "Mon, 14 Jul 2025 00:36:01 GMT"
        }
      ],
      "EndpointProperties": [
        {
          "Name": "integrity",
          "Value": "sha256-56D/5urOY4JxuEJUssB+hUMewvuhGlWneJ8HE1uCPXk="
        }
      ]
    },
    {
      "Route": "images/dba13a0b-d1d6-4ce3-8541-d72edca46ceb.ns6q4qlqvt.jpg",
      "AssetFile": "images/dba13a0b-d1d6-4ce3-8541-d72edca46ceb.jpg",
      "Selectors": [],
      "ResponseHeaders": [
        {
          "Name": "Accept-Ranges",
          "Value": "bytes"
        },
        {
          "Name": "Cache-Control",
          "Value": "max-age=31536000, immutable"
        },
        {
          "Name": "Content-Length",
          "Value": "52413"
        },
        {
          "Name": "Content-Type",
          "Value": "image/jpeg"
        },
        {
          "Name": "ETag",
          "Value": "\"56D/5urOY4JxuEJUssB+hUMewvuhGlWneJ8HE1uCPXk=\""
        },
        {
          "Name": "Last-Modified",
          "Value": "Mon, 14 Jul 2025 00:36:01 GMT"
        }
      ],
      "EndpointProperties": [
        {
          "Name": "fingerprint",
          "Value": "ns6q4qlqvt"
        },
        {
          "Name": "integrity",
          "Value": "sha256-56D/5urOY4JxuEJUssB+hUMewvuhGlWneJ8HE1uCPXk="
        },
        {
          "Name": "label",
          "Value": "images/dba13a0b-d1d6-4ce3-8541-d72edca46ceb.jpg"
        }
      ]
    },
    {
      "Route": "images/eb6d2d0c-1655-4fe5-b3e2-3a3604274e95.0se3bsfcz9.png",
      "AssetFile": "images/eb6d2d0c-1655-4fe5-b3e2-3a3604274e95.png",
      "Selectors": [],
      "ResponseHeaders": [
        {
          "Name": "Accept-Ranges",
          "Value": "bytes"
        },
        {
          "Name": "Cache-Control",
          "Value": "max-age=31536000, immutable"
        },
        {
          "Name": "Content-Length",
          "Value": "74379"
        },
        {
          "Name": "Content-Type",
          "Value": "image/png"
        },
        {
          "Name": "ETag",
          "Value": "\"kDjKeT7pWXt0o8SgzJilSD3LPjhjd8I+0FG4TjonALQ=\""
        },
        {
          "Name": "Last-Modified",
          "Value": "Mon, 14 Jul 2025 00:49:42 GMT"
        }
      ],
      "EndpointProperties": [
        {
          "Name": "fingerprint",
          "Value": "0se3bsfcz9"
        },
        {
          "Name": "integrity",
          "Value": "sha256-kDjKeT7pWXt0o8SgzJilSD3LPjhjd8I+0FG4TjonALQ="
        },
        {
          "Name": "label",
          "Value": "images/eb6d2d0c-1655-4fe5-b3e2-3a3604274e95.png"
        }
      ]
    },
    {
      "Route": "images/eb6d2d0c-1655-4fe5-b3e2-3a3604274e95.png",
      "AssetFile": "images/eb6d2d0c-1655-4fe5-b3e2-3a3604274e95.png",
      "Selectors": [],
      "ResponseHeaders": [
        {
          "Name": "Accept-Ranges",
          "Value": "bytes"
        },
        {
          "Name": "Cache-Control",
          "Value": "max-age=3600, must-revalidate"
        },
        {
          "Name": "Content-Length",
          "Value": "74379"
        },
        {
          "Name": "Content-Type",
          "Value": "image/png"
        },
        {
          "Name": "ETag",
          "Value": "\"kDjKeT7pWXt0o8SgzJilSD3LPjhjd8I+0FG4TjonALQ=\""
        },
        {
          "Name": "Last-Modified",
          "Value": "Mon, 14 Jul 2025 00:49:42 GMT"
        }
      ],
      "EndpointProperties": [
        {
          "Name": "integrity",
          "Value": "sha256-kDjKeT7pWXt0o8SgzJilSD3LPjhjd8I+0FG4TjonALQ="
        }
      ]
    },
    {
      "Route": "images/eb6f5f31-616b-4ede-8203-81fcba28dd57.4i6acbxf36.png",
      "AssetFile": "images/eb6f5f31-616b-4ede-8203-81fcba28dd57.png",
      "Selectors": [],
      "ResponseHeaders": [
        {
          "Name": "Accept-Ranges",
          "Value": "bytes"
        },
        {
          "Name": "Cache-Control",
          "Value": "max-age=31536000, immutable"
        },
        {
          "Name": "Content-Length",
          "Value": "83584"
        },
        {
          "Name": "Content-Type",
          "Value": "image/png"
        },
        {
          "Name": "ETag",
          "Value": "\"lFieFJ+s/syEbm6+7A7Kl/uVa/03X0fVIyNHV/ycq1s=\""
        },
        {
          "Name": "Last-Modified",
          "Value": "Mon, 14 Jul 2025 00:49:12 GMT"
        }
      ],
      "EndpointProperties": [
        {
          "Name": "fingerprint",
          "Value": "4i6acbxf36"
        },
        {
          "Name": "integrity",
          "Value": "sha256-lFieFJ+s/syEbm6+7A7Kl/uVa/03X0fVIyNHV/ycq1s="
        },
        {
          "Name": "label",
          "Value": "images/eb6f5f31-616b-4ede-8203-81fcba28dd57.png"
        }
      ]
    },
    {
      "Route": "images/eb6f5f31-616b-4ede-8203-81fcba28dd57.png",
      "AssetFile": "images/eb6f5f31-616b-4ede-8203-81fcba28dd57.png",
      "Selectors": [],
      "ResponseHeaders": [
        {
          "Name": "Accept-Ranges",
          "Value": "bytes"
        },
        {
          "Name": "Cache-Control",
          "Value": "max-age=3600, must-revalidate"
        },
        {
          "Name": "Content-Length",
          "Value": "83584"
        },
        {
          "Name": "Content-Type",
          "Value": "image/png"
        },
        {
          "Name": "ETag",
          "Value": "\"lFieFJ+s/syEbm6+7A7Kl/uVa/03X0fVIyNHV/ycq1s=\""
        },
        {
          "Name": "Last-Modified",
          "Value": "Mon, 14 Jul 2025 00:49:12 GMT"
        }
      ],
      "EndpointProperties": [
        {
          "Name": "integrity",
          "Value": "sha256-lFieFJ+s/syEbm6+7A7Kl/uVa/03X0fVIyNHV/ycq1s="
        }
      ]
    },
    {
      "Route": "images/eca18dd5-59a1-4124-a4ae-cb994cc4f48c_gratisography-augmented-reality-800x525.jpg",
      "AssetFile": "images/eca18dd5-59a1-4124-a4ae-cb994cc4f48c_gratisography-augmented-reality-800x525.jpg",
      "Selectors": [],
      "ResponseHeaders": [
        {
          "Name": "Accept-Ranges",
          "Value": "bytes"
        },
        {
          "Name": "Cache-Control",
          "Value": "max-age=3600, must-revalidate"
        },
        {
          "Name": "Content-Length",
          "Value": "52413"
        },
        {
          "Name": "Content-Type",
          "Value": "image/jpeg"
        },
        {
          "Name": "ETag",
          "Value": "\"56D/5urOY4JxuEJUssB+hUMewvuhGlWneJ8HE1uCPXk=\""
        },
        {
          "Name": "Last-Modified",
          "Value": "Fri, 11 Jul 2025 00:17:09 GMT"
        }
      ],
      "EndpointProperties": [
        {
          "Name": "integrity",
          "Value": "sha256-56D/5urOY4JxuEJUssB+hUMewvuhGlWneJ8HE1uCPXk="
        }
      ]
    },
    {
      "Route": "images/eca18dd5-59a1-4124-a4ae-cb994cc4f48c_gratisography-augmented-reality-800x525.ns6q4qlqvt.jpg",
      "AssetFile": "images/eca18dd5-59a1-4124-a4ae-cb994cc4f48c_gratisography-augmented-reality-800x525.jpg",
      "Selectors": [],
      "ResponseHeaders": [
        {
          "Name": "Accept-Ranges",
          "Value": "bytes"
        },
        {
          "Name": "Cache-Control",
          "Value": "max-age=31536000, immutable"
        },
        {
          "Name": "Content-Length",
          "Value": "52413"
        },
        {
          "Name": "Content-Type",
          "Value": "image/jpeg"
        },
        {
          "Name": "ETag",
          "Value": "\"56D/5urOY4JxuEJUssB+hUMewvuhGlWneJ8HE1uCPXk=\""
        },
        {
          "Name": "Last-Modified",
          "Value": "Fri, 11 Jul 2025 00:17:09 GMT"
        }
      ],
      "EndpointProperties": [
        {
          "Name": "fingerprint",
          "Value": "ns6q4qlqvt"
        },
        {
          "Name": "integrity",
          "Value": "sha256-56D/5urOY4JxuEJUssB+hUMewvuhGlWneJ8HE1uCPXk="
        },
        {
          "Name": "label",
          "Value": "images/eca18dd5-59a1-4124-a4ae-cb994cc4f48c_gratisography-augmented-reality-800x525.jpg"
        }
      ]
    }
  ]
}